{"cameraMode":{"drawMode":0,"name":"Shaded","section":"Shading Mode"},"sceneLighting":false,"audioPlay":false,"sceneViewState":{"showFog":true,"showMaterialUpdate":true,"showSkybox":true,"showFlares":true,"showImageEffects":true,"showParticleSystems":true},"in2DMode":false,"pivot":{"x":2.9802322387695315e-8,"y":1.0,"z":-5.960464477539063e-8},"rotation":{"x":-0.1695355474948883,"y":-0.02424372360110283,"z":0.004171841312199831,"w":-0.9852170348167419},"size":2.020829200744629,"orthographic":false}