{"cameraMode":{"drawMode":0,"name":"Shaded","section":"Shading Mode"},"sceneLighting":true,"audioPlay":false,"sceneViewState":{"showFog":true,"showMaterialUpdate":true,"showSkybox":true,"showFlares":true,"showImageEffects":true,"showParticleSystems":true},"in2DMode":false,"pivot":{"x":2.558797597885132,"y":1.1930603981018067,"z":1.9525097608566285},"rotation":{"x":0.5720499157905579,"y":5.064242358798765e-8,"z":3.044637253424298e-8,"w":0.8202188611030579},"size":1.0122828483581544,"orthographic":false}