{"cameraMode":{"drawMode":0,"name":"Shaded","section":"Shading Mode"},"sceneLighting":false,"audioPlay":false,"sceneViewState":{"showFog":true,"showMaterialUpdate":true,"showSkybox":true,"showFlares":true,"showImageEffects":true,"showParticleSystems":true},"in2DMode":false,"pivot":{"x":5.960464477539063e-8,"y":1.0,"z":-1.1920928955078126e-7},"rotation":{"x":-0.1695355474948883,"y":-0.02424372360110283,"z":0.004171841312199831,"w":-0.9852170348167419},"size":4.041658401489258,"orthographic":false}